{
    "aggressive_vehicle_ratio": 0.6710526315789473,
    "defensive_vehicle_ratio": 0.05756578947368421,
    "truck_vehicle_ratio": 0.023026315789473683,
    "motor_vehicle_ratio": 0.0
}